time,wind_speed_100m,temperature_2m,surface_pressure
2026-04-30 00:00:00,11.42012804762187,-40.67450561523435,680.298203125
2026-04-30 00:15:00,11.344138885796044,-40.634458088874794,680.369462890625
2026-04-30 00:30:00,11.27211836468686,-40.607169532775856,680.43142578125
2026-04-30 00:45:00,11.204478249152436,-40.591576361656166,680.47515625
2026-04-30 01:00:00,11.141630304050883,-40.58661499023435,680.49171875
2026-04-30 01:15:00,11.074452805516803,-40.59951550947614,680.4912670898439
2026-04-30 01:30:00,11.005071295153963,-40.63023141190711,680.4902734375
2026-04-30 01:45:00,10.950768436024221,-40.6667842145857,680.4892797851563
2026-04-30 02:00:00,10.928826891189448,-40.69719543457029,680.488828125
2026-04-30 02:15:00,10.943732000025692,-40.72049053770403,680.4970533988403
2026-04-30 02:30:00,10.97652323946543,-40.74270359240851,680.5169470844072
2026-04-30 02:45:00,11.009314478905171,-40.7623690196099,680.5413359777707
2026-04-30 03:00:00,11.024219587741415,-40.77802124023435,680.563046875
2026-04-30 03:15:00,10.996714902238226,-40.78884321455501,680.5797073314241
2026-04-30 03:30:00,10.93620459413121,-40.79697414108081,680.595307729695
2026-04-30 03:45:00,10.875694286024194,-40.80538279809158,680.6122191068685
2026-04-30 04:00:00,10.848189600521005,-40.817037963867165,680.6328125
2026-04-30 04:15:00,10.852171595373761,-40.83619010367281,680.6660952757452
2026-04-30 04:30:00,10.861749399440946,-40.86269496455204,680.7099238531085
2026-04-30 04:45:00,10.873370741985942,-40.892929247452116,680.7499428476675
2026-04-30 05:00:00,10.883483352272126,-40.92326965332029,680.771796875
2026-04-30 05:15:00,10.892839986961514,-40.95588158949578,680.7775411963405
2026-04-30 05:30:00,10.902798183193562,-40.991845980281084,680.7806325559128
2026-04-30 05:45:00,10.9107128409478,-41.025912802068426,680.7838177937788
2026-04-30 06:00:00,10.913938860203762,-41.05283203124998,680.78984375
2026-04-30 06:15:00,10.900108610644333,-41.0708518891086,680.8211517703476
2026-04-30 06:30:00,10.86441760929812,-41.08468862872686,680.8839802921741
2026-04-30 06:45:00,10.81556547716324,-41.098794274196514,680.9567717929135
2026-04-30 07:00:00,10.76225183523781,-41.11762084960935,681.01796875
2026-04-30 07:15:00,10.678855353809082,-41.14316509583015,681.0668047877305
2026-04-30 07:30:00,10.563820974766948,-41.17565629209303,681.1139036103759
2026-04-30 07:45:00,10.461947726513479,-41.21689527004375,681.1547928153336
2026-04-30 08:00:00,10.41803463745075,-41.2686828613281,681.185
2026-04-30 08:15:00,10.427528307994892,-41.363593889410595,681.2046239607679
2026-04-30 08:30:00,10.44841438319201,-41.50473947222998,681.2193653446448
2026-04-30 08:45:00,10.469300458389124,-41.649724883143335,681.2331545249494
2026-04-30 09:00:00,10.478794128933268,-41.75615539550779,681.249921875
2026-04-30 09:15:00,10.459488151248888,-41.8298098810846,681.2704005186574
2026-04-30 09:30:00,10.409797970623666,-41.89692181554851,681.2931746674733
2026-04-30 09:45:00,10.342065215699474,-41.94577837812682,681.3189513263027
2026-04-30 10:00:00,10.268631515118186,-41.96466674804685,681.3484375
2026-04-30 10:15:00,10.175051430473173,-41.883516752713156,681.3856068450267
2026-04-30 10:30:00,10.05284958983828,-41.697349452954526,681.4306406123214
2026-04-30 10:45:00,9.923322721576088,-41.49208887813463,681.4785571984554
2026-04-30 11:00:00,9.807767554049173,-41.353659057617165,681.524375
2026-04-30 11:15:00,9.709333086584776,-41.28641074438766,681.575039195185
2026-04-30 11:30:00,9.616527709698437,-41.23373173444875,681.6304601873868
2026-04-30 11:45:00,9.528687238535193,-41.19010162168975,681.675104210895
2026-04-30 12:00:00,9.445147488240078,-41.14999999999998,681.6934375
2026-04-30 12:15:00,9.369335254637857,-41.106662501756695,681.6933642578125
2026-04-30 12:30:00,9.299856499872583,-41.06355077060447,681.693203125
2026-04-30 12:45:00,9.228815788568228,-41.0304834173336,681.6930419921875
2026-04-30 13:00:00,9.148317685348768,-41.01727905273435,681.69296875
2026-04-30 13:15:00,9.031606895838951,-41.02584192968285,681.7151977539063
2026-04-30 13:30:00,8.889059353177084,-41.046314817451815,681.7641015625
2026-04-30 13:45:00,8.76847646325747,-41.070874101426504,681.8130053710937
2026-04-30 14:00:00,8.717659631974419,-41.091696166992165,681.835234375
2026-04-30 14:15:00,8.749897616000762,-41.11000053236251,681.8213506124106
2026-04-30 14:30:00,8.820821180858722,-41.12902087590752,681.7900274143449
2026-04-30 14:45:00,8.89174474571668,-41.1439548232468,681.7567569153567
2026-04-30 15:00:00,8.923982729743024,-41.14999999999998,681.73703125
2026-04-30 15:15:00,8.878558701151455,-41.14974816309424,681.7297567565182
2026-04-30 15:30:00,8.774205798710119,-41.14900545721617,681.7238788356551
2026-04-30 15:45:00,8.658802797419073,-41.14779108962455,681.7199482157143
2026-04-30 16:00:00,8.580228472278375,-41.1461242675781,681.718515625
2026-04-30 16:15:00,8.536771335550492,-41.130749568217674,681.7320970948728
2026-04-30 16:30:00,8.498626148767645,-41.095114946932156,681.7628188154939
2026-04-30 16:45:00,8.471531060834506,-41.04929467835244,681.7956467533683
2026-04-30 17:00:00,8.461224220655755,-41.00336303710935,681.815546875
2026-04-30 17:15:00,8.477219188184183,-40.95319930317238,681.8219184495296
2026-04-30 17:30:00,8.515383449355092,-40.894583155819014,681.8258120901504
2026-04-30 17:45:00,8.560986042046924,-40.837439468642046,681.8296707794458
2026-04-30 18:00:00,8.599296004138116,-40.79169311523435,681.8359375
2026-04-30 18:15:00,8.626537622367588,-40.75344145096926,681.8488807498351
2026-04-30 18:30:00,8.650901832278638,-40.71704900350913,681.8695375608487
2026-04-30 18:45:00,8.675607644956264,-40.68984140488036,681.895503716438
2026-04-30 19:00:00,8.703874071485473,-40.67914428710935,681.924375
2026-04-30 19:15:00,8.735138638969888,-40.69462794979904,681.9682221247914
2026-04-30 19:30:00,8.768937686218718,-40.73046925122196,682.0265829115962
2026-04-30 19:45:00,8.808638441875352,-40.7707536614089,682.0782538051028
2026-04-30 20:00:00,8.85760813458317,-40.7995666503906,682.10203125
2026-04-30 20:15:00,8.947766569487547,-40.817443379148926,682.1039557785172
2026-04-30 20:30:00,9.074970584261605,-40.83366801684439,682.1048757176407
2026-04-30 20:45:00,9.188492956340358,-40.845449545775864,682.1057992041937
2026-04-30 21:00:00,9.237606463158828,-40.849996948242165,682.107734375
2026-04-30 21:15:00,9.189292792896502,-40.82007473815925,682.1332175024519
2026-04-30 21:30:00,9.08049270164845,-40.7511092850751,682.1906271667483
2026-04-30 21:45:00,8.96541756872304,-40.67430235473659,682.2597349664203
2026-04-30 22:00:00,8.89827877342866,-40.6208557128906,682.3203125
2026-04-30 22:15:00,8.878595407540686,-40.58971551330535,682.3727416461454
2026-04-30 22:30:00,8.865980258618352,-40.56198275594048,682.426035727177
2026-04-30 22:45:00,8.85478524964579,-40.542091475829956,682.47291350712
2026-04-30 23:00:00,8.83936230360714,-40.53447570800779,682.50609375
2026-04-30 23:15:00,8.817263346990819,-40.54271867275236,682.5294264471852
2026-04-30 23:30:00,8.790353591814215,-40.56641330718992,682.54977446347
2026-04-30 23:45:00,8.759454889354936,-40.60400822162626,682.56437587302
2026-05-01 00:00:00,8.725389090890586,-40.653952026367165,682.57046875
